{
  "IcoMoonType": "selection",
  "icons": [
    {
      "icon": {
        "paths": [
          "M925.143 80.571c14.286-14.286 25.714-9.143 25.714 10.857v841.143c0 20-11.429 25.143-25.714 10.857l-405.714-405.714c-3.429-3.429-5.714-6.857-7.429-10.857v405.714c0 20-11.429 25.143-25.714 10.857l-405.714-405.714c-14.286-14.286-14.286-37.143 0-51.429l405.714-405.714c14.286-14.286 25.714-9.143 25.714 10.857v405.714c1.714-4 4-7.429 7.429-10.857z"
        ],
        "width": 1017.1245714285715,
        "attrs": [],
        "isMulticolor": false,
        "isMulticolor2": false,
        "tags": [
          "backward"
        ],
        "defaultCode": 61514,
        "grid": 14
      },
      "attrs": [],
      "properties": {
        "name": "backward",
        "id": 74,
        "order": 5,
        "prevSize": 28
      },
      "setIdx": 0,
      "setId": 4,
      "iconIdx": 74
    },
    {
      "icon": {
        "paths": [
          "M790.857 529.714l-758.857 421.714c-17.714 9.714-32 1.143-32-18.857v-841.143c0-20 14.286-28.571 32-18.857l758.857 421.714c17.714 9.714 17.714 25.714 0 35.429z"
        ],
        "width": 808.5942857142857,
        "attrs": [],
        "isMulticolor": false,
        "isMulticolor2": false,
        "tags": [
          "play"
        ],
        "defaultCode": 61515,
        "grid": 14
      },
      "attrs": [],
      "properties": {
        "name": "play",
        "id": 75,
        "order": 4,
        "prevSize": 28
      },
      "setIdx": 0,
      "setId": 4,
      "iconIdx": 75
    },
    {
      "icon": {
        "paths": [
          "M877.714 109.714v804.571c0 20-16.571 36.571-36.571 36.571h-292.571c-20 0-36.571-16.571-36.571-36.571v-804.571c0-20 16.571-36.571 36.571-36.571h292.571c20 0 36.571 16.571 36.571 36.571zM365.714 109.714v804.571c0 20-16.571 36.571-36.571 36.571h-292.571c-20 0-36.571-16.571-36.571-36.571v-804.571c0-20 16.571-36.571 36.571-36.571h292.571c20 0 36.571 16.571 36.571 36.571z"
        ],
        "width": 877.7142857142857,
        "attrs": [],
        "isMulticolor": false,
        "isMulticolor2": false,
        "tags": [
          "pause"
        ],
        "defaultCode": 61516,
        "grid": 14
      },
      "attrs": [],
      "properties": {
        "name": "pause",
        "id": 76,
        "order": 7,
        "prevSize": 28
      },
      "setIdx": 0,
      "setId": 4,
      "iconIdx": 76
    },
    {
      "icon": {
        "paths": [
          "M25.714 943.429c-14.286 14.286-25.714 9.143-25.714-10.857v-841.143c0-20 11.429-25.143 25.714-10.857l405.714 405.714c3.429 3.429 5.714 6.857 7.429 10.857v-405.714c0-20 11.429-25.143 25.714-10.857l405.714 405.714c14.286 14.286 14.286 37.143 0 51.429l-405.714 405.714c-14.286 14.286-25.714 9.143-25.714-10.857v-405.714c-1.714 4-4 7.429-7.429 10.857z"
        ],
        "width": 884.5897142857142,
        "attrs": [],
        "isMulticolor": false,
        "isMulticolor2": false,
        "tags": [
          "forward"
        ],
        "defaultCode": 61518,
        "grid": 14
      },
      "attrs": [],
      "properties": {
        "name": "forward",
        "id": 78,
        "order": 6,
        "prevSize": 28
      },
      "setIdx": 0,
      "setId": 4,
      "iconIdx": 78
    }
  ],
  "height": 1024,
  "preferences": {
    "showGlyphs": true,
    "showQuickUse": true,
    "showQuickUse2": true,
    "showSVGs": true,
    "fontPref": {
      "prefix": "icon-",
      "metadata": {
        "fontFamily": "icomoon"
      },
      "metrics": {
        "emSize": 1024,
        "baseline": 6.25,
        "whitespace": 50
      },
      "embed": false
    },
    "imagePref": {
      "prefix": "icon-",
      "png": true,
      "useClassSelector": true,
      "color": 0,
      "bgColor": 16777215,
      "classSelector": ".icon",
      "name": "icomoon",
      "height": 32,
      "columns": 16,
      "margin": 16
    },
    "historySize": 50,
    "showCodes": true,
    "gridSize": 16
  }
}